INSERT INTO `administrator` (`id`, `user_id`, `name`, `phone`, `email`, `add_time`, `update_time`, `has_delete`, `delete_time`) VALUES
                                                                                                                                    (1, 1, 'adminA', '13800000001', 'adminA@example.com', '2025-03-01 08:00:00', '2025-03-01 08:00:00', 0, NULL),
                                                                                                                                    (2, 2, 'adminB', '13800000002', 'adminB@example.com', '2025-03-02 08:00:00', '2025-03-02 08:00:00', 0, NULL),
                                                                                                                                    (3, 3, 'adminC', '13800000003', 'adminC@example.com', '2025-03-03 08:00:00', '2025-03-03 08:00:00', 0, NULL),
                                                                                                                                    (4, 4, 'adminD', '13800000004', 'adminD@example.com', '2025-03-04 08:00:00', '2025-03-04 08:00:00', 0, NULL),
                                                                                                                                    (5, 5, 'adminE', '13800000005', 'adminE@example.com', '2025-03-05 08:00:00', '2025-03-05 08:00:00', 0, NULL),
                                                                                                                                    (6, 6, 'adminF', '13800000006', 'adminF@example.com', '2025-03-06 08:00:00', '2025-03-06 08:00:00', 0, NULL),
                                                                                                                                    (7, 7, 'adminG', '13800000007', 'adminG@example.com', '2025-03-07 08:00:00', '2025-03-07 08:00:00', 0, NULL),
                                                                                                                                    (8, 8, 'adminH', '13800000008', 'adminH@example.com', '2025-03-08 08:00:00', '2025-03-08 08:00:00', 0, NULL),
                                                                                                                                    (9, 9, 'adminI', '13800000009', 'adminI@example.com', '2025-03-09 08:00:00', '2025-03-09 08:00:00', 0, NULL),
                                                                                                                                    (10, 10, 'adminJ', '13800000010', 'adminJ@example.com', '2025-03-10 08:00:00', '2025-03-10 08:00:00', 0, NULL);
INSERT INTO `attendance_record` (`id`, `student_id`, `course_id`, `schedule_id`, `attendance_date`, `status`, `add_time`, `update_time`, `has_delete`, `delete_time`) VALUES
                                                                                                                                                                          (1, 1, 1, 1, '2025-03-01 08:00:00', '出勤', '2025-03-01 08:00:00', '2025-03-01 08:00:00', 0, NULL),
                                                                                                                                                                          (2, 2, 2, 2, '2025-03-02 08:00:00', '迟到', '2025-03-02 08:00:00', '2025-03-02 08:00:00', 0, NULL),
                                                                                                                                                                          (3, 3, 3, 3, '2025-03-03 08:00:00', '缺勤', '2025-03-03 08:00:00', '2025-03-03 08:00:00', 0, NULL),
                                                                                                                                                                          (4, 4, 4, 4, '2025-03-04 08:00:00', '请假', '2025-03-04 08:00:00', '2025-03-04 08:00:00', 0, NULL),
                                                                                                                                                                          (5, 5, 5, 5, '2025-03-05 08:00:00', '出勤', '2025-03-05 08:00:00', '2025-03-05 08:00:00', 0, NULL),
                                                                                                                                                                          (6, 6, 6, 6, '2025-03-06 08:00:00', '迟到', '2025-03-06 08:00:00', '2025-03-06 08:00:00', 0, NULL),
                                                                                                                                                                          (7, 7, 7, 7, '2025-03-07 08:00:00', '缺勤', '2025-03-07 08:00:00', '2025-03-07 08:00:00', 0, NULL),
                                                                                                                                                                          (8, 8, 8, 8, '2025-03-08 08:00:00', '请假', '2025-03-08 08:00:00', '2025-03-08 08:00:00', 0, NULL),
                                                                                                                                                                          (9, 9, 9, 9, '2025-03-09 08:00:00', '出勤', '2025-03-09 08:00:00', '2025-03-09 08:00:00', 0, NULL),
                                                                                                                                                                          (10, 10, 10, 10, '2025-03-10 08:00:00', '迟到', '2025-03-10 08:00:00', '2025-03-10 08:00:00', 0, NULL);

INSERT INTO `class` (`id`, `class_name`, `add_time`, `update_time`, `has_delete`, `delete_time`) VALUES
                                                                                                     (1, '班级A', '2025-03-01 08:00:00', '2025-03-01 08:00:00', 0, NULL),
                                                                                                     (2, '班级B', '2025-03-02 08:00:00', '2025-03-02 08:00:00', 0, NULL),
                                                                                                     (3, '班级C', '2025-03-03 08:00:00', '2025-03-03 08:00:00', 0, NULL),
                                                                                                     (4, '班级D', '2025-03-04 08:00:00', '2025-03-04 08:00:00', 0, NULL),
                                                                                                     (5, '班级E', '2025-03-05 08:00:00', '2025-03-05 08:00:00', 0, NULL),
                                                                                                     (6, '班级F', '2025-03-06 08:00:00', '2025-03-06 08:00:00', 0, NULL),
                                                                                                     (7, '班级G', '2025-03-07 08:00:00', '2025-03-07 08:00:00', 0, NULL),
                                                                                                     (8, '班级H', '2025-03-08 08:00:00', '2025-03-08 08:00:00', 0, NULL),
                                                                                                     (9, '班级I', '2025-03-09 08:00:00', '2025-03-09 08:00:00', 0, NULL),
                                                                                                     (10, '班级J', '2025-03-10 08:00:00', '2025-03-10 08:00:00', 0, NULL);

INSERT INTO `course` (`id`, `course_name`, `teacher_id`, `class_id`, `semester`, `start_week`, `end_week`, `add_time`, `update_time`, `has_delete`, `delete_time`) VALUES
                                                                                                                                                                       (1, '课程A', 1, 1, '2025春季', 1, 16, '2025-03-01 08:00:00', '2025-03-01 08:00:00', 0, NULL),
                                                                                                                                                                       (2, '课程B', 2, 2, '2025春季', 1, 16, '2025-03-02 08:00:00', '2025-03-02 08:00:00', 0, NULL),
                                                                                                                                                                       (3, '课程C', 3, 3, '2025春季', 1, 16, '2025-03-03 08:00:00', '2025-03-03 08:00:00', 0, NULL),
                                                                                                                                                                       (4, '课程D', 4, 4, '2025春季', 1, 16, '2025-03-04 08:00:00', '2025-03-04 08:00:00', 0, NULL),
                                                                                                                                                                       (5, '课程E', 5, 5, '2025春季', 1, 16, '2025-03-05 08:00:00', '2025-03-05 08:00:00', 0, NULL),
                                                                                                                                                                       (6, '课程F', 6, 6, '2025春季', 1, 16, '2025-03-06 08:00:00', '2025-03-06 08:00:00', 0, NULL),
                                                                                                                                                                       (7, '课程G', 7, 7, '2025春季', 1, 16, '2025-03-07 08:00:00', '2025-03-07 08:00:00', 0, NULL),
                                                                                                                                                                       (8, '课程H', 8, 8, '2025春季', 1, 16, '2025-03-08 08:00:00', '2025-03-08 08:00:00', 0, NULL),
                                                                                                                                                                       (9, '课程I', 9, 9, '2025春季', 1, 16, '2025-03-09 08:00:00', '2025-03-09 08:00:00', 0, NULL),
                                                                                                                                                                       (10, '课程J', 10, 10, '2025春季', 1, 16, '2025-03-10 08:00:00', '2025-03-10 08:00:00', 0, NULL);

INSERT INTO `course_schedule` (`id`, `course_id`, `week_day`, `start_time`, `end_time`, `classroom`, `add_time`, `update_time`, `has_delete`, `delete_time`) VALUES
                                                                                                                                                                 (1, 1, 1, '2025-03-01 08:00:00', '2025-03-01 10:00:00', '教室A1', '2025-03-01 08:00:00', '2025-03-01 08:00:00', 0, NULL),
                                                                                                                                                                 (2, 2, 2, '2025-03-02 08:00:00', '2025-03-02 10:00:00', '教室A2', '2025-03-02 08:00:00', '2025-03-02 08:00:00', 0, NULL),
                                                                                                                                                                 (3, 3, 3, '2025-03-03 08:00:00', '2025-03-03 10:00:00', '教室A3', '2025-03-03 08:00:00', '2025-03-03 08:00:00', 0, NULL),
                                                                                                                                                                 (4, 4, 4, '2025-03-04 08:00:00', '2025-03-04 10:00:00', '教室A4', '2025-03-04 08:00:00', '2025-03-04 08:00:00', 0, NULL),
                                                                                                                                                                 (5, 5, 5, '2025-03-05 08:00:00', '2025-03-05 10:00:00', '教室A5', '2025-03-05 08:00:00', '2025-03-05 08:00:00', 0, NULL),
                                                                                                                                                                 (6, 6, 6, '2025-03-06 08:00:00', '2025-03-06 10:00:00', '教室A6', '2025-03-06 08:00:00', '2025-03-06 08:00:00', 0, NULL),
                                                                                                                                                                 (7, 7, 7, '2025-03-07 08:00:00', '2025-03-07 10:00:00', '教室A7', '2025-03-07 08:00:00', '2025-03-07 08:00:00', 0, NULL),
                                                                                                                                                                 (8, 8, 1, '2025-03-08 08:00:00', '2025-03-08 10:00:00', '教室A8', '2025-03-08 08:00:00', '2025-03-08 08:00:00', 0, NULL),
                                                                                                                                                                 (9, 9, 2, '2025-03-09 08:00:00', '2025-03-09 10:00:00', '教室A9', '2025-03-09 08:00:00', '2025-03-09 08:00:00', 0, NULL),
                                                                                                                                                                 (10, 10, 3, '2025-03-10 08:00:00', '2025-03-10 10:00:00', '教室A10', '2025-03-10 08:00:00', '2025-03-10 08:00:00', 0, NULL);

INSERT INTO `leave_request` (`id`, `student_id`, `start_time`, `end_time`, `reason`, `status`, `add_time`, `update_time`, `has_delete`, `delete_time`) VALUES
                                                                                                                                                           (1, 1, '2025-03-01 08:00:00', '2025-03-01 10:00:00', '生病', '已批准', '2025-03-01 08:00:00', '2025-03-01 08:00:00', 0, NULL),
                                                                                                                                                           (2, 2, '2025-03-02 08:00:00', '2025-03-02 10:00:00', '家中有事', '已批准', '2025-03-02 08:00:00', '2025-03-02 08:00:00', 0, NULL),
                                                                                                                                                           (3, 3, '2025-03-03 08:00:00', '2025-03-03 10:00:00', '参加比赛', '已批准', '2025-03-03 08:00:00', '2025-03-03 08:00:00', 0, NULL),
                                                                                                                                                           (4, 4, '2025-03-04 08:00:00', '2025-03-04 10:00:00', '生病', '已批准', '2025-03-04 08:00:00', '2025-03-04 08:00:00', 0, NULL),
                                                                                                                                                           (5, 5, '2025-03-05 08:00:00', '2025-03-05 10:00:00', '家中有事', '已批准', '2025-03-05 08:00:00', '2025-03-05 08:00:00', 0, NULL),
                                                                                                                                                           (6, 6, '2025-03-06 08:00:00', '2025-03-06 10:00:00', '参加比赛', '已批准', '2025-03-06 08:00:00', '2025-03-06 08:00:00', 0, NULL),
                                                                                                                                                           (7, 7, '2025-03-07 08:00:00', '2025-03-07 10:00:00', '生病', '已批准', '2025-03-07 08:00:00', '2025-03-07 08:00:00', 0, NULL),
                                                                                                                                                           (8, 8, '2025-03-08 08:00:00', '2025-03-08 10:00:00', '家中有事', '已批准', '2025-03-08 08:00:00', '2025-03-08 08:00:00', 0, NULL),
                                                                                                                                                           (9, 9, '2025-03-09 08:00:00', '2025-03-09 10:00:00', '参加比赛', '已批准', '2025-03-09 08:00:00', '2025-03-09 08:00:00', 0, NULL),
                                                                                                                                                           (10, 10, '2025-03-10 08:00:00', '2025-03-10 10:00:00', '生病', '已批准', '2025-03-10 08:00:00', '2025-03-10 08:00:00', 0, NULL);

INSERT INTO `notification` (`id`, `sender_id`, `receiver_id`, `title`, `content`, `send_time`, `is_read`, `add_time`, `update_time`, `has_delete`, `delete_time`) VALUES
                                                                                                                                                                      (1, 1, 2, '通知A', '这是通知A的内容', '2025-03-01 08:00:00', 0, '2025-03-01 08:00:00', '2025-03-01 08:00:00', 0, NULL),
                                                                                                                                                                      (2, 2, 3, '通知B', '这是通知B的内容', '2025-03-02 08:00:00', 0, '2025-03-02 08:00:00', '2025-03-02 08:00:00', 0, NULL),
                                                                                                                                                                      (3, 3, 4, '通知C', '这是通知C的内容', '2025-03-03 08:00:00', 0, '2025-03-03 08:00:00', '2025-03-03 08:00:00', 0, NULL),
                                                                                                                                                                      (4, 4, 5, '通知D', '这是通知D的内容', '2025-03-04 08:00:00', 0, '2025-03-04 08:00:00', '2025-03-04 08:00:00', 0, NULL),
                                                                                                                                                                      (5, 5, 6, '通知E', '这是通知E的内容', '2025-03-05 08:00:00', 0, '2025-03-05 08:00:00', '2025-03-05 08:00:00', 0, NULL),
                                                                                                                                                                      (6, 6, 7, '通知F', '这是通知F的内容', '2025-03-06 08:00:00', 0, '2025-03-06 08:00:00', '2025-03-06 08:00:00', 0, NULL),
                                                                                                                                                                      (7, 7, 8, '通知G', '这是通知G的内容', '2025-03-07 08:00:00', 0, '2025-03-07 08:00:00', '2025-03-07 08:00:00', 0, NULL),
                                                                                                                                                                      (8, 8, 9, '通知H', '这是通知H的内容', '2025-03-08 08:00:00', 0, '2025-03-08 08:00:00', '2025-03-08 08:00:00', 0, NULL),
                                                                                                                                                                      (9, 9, 10, '通知I', '这是通知I的内容', '2025-03-09 08:00:00', 0, '2025-03-09 08:00:00', '2025-03-09 08:00:00', 0, NULL),
                                                                                                                                                                      (10, 10, 1, '通知J', '这是通知J的内容', '2025-03-10 08:00:00', 0, '2025-03-10 08:00:00', '2025-03-10 08:00:00', 0, NULL);

INSERT INTO `student` (`id`, `user_id`, `name`, `student_number`, `class_id`, `face_image`, `phone`, `email`, `add_time`, `update_time`, `has_delete`, `delete_time`) VALUES
                                                                                                                                                                          (1, 1, 'studentA', '20250001', 1, 'face_images/face1.jpg', '13800000001', 'studentA@example.com', '2025-03-01 08:00:00', '2025-03-01 08:00:00', 0, NULL),
                                                                                                                                                                          (2, 2, 'studentB', '20250002', 2, 'face_images/face2.jpg', '13800000002', 'studentB@example.com', '2025-03-02 08:00:00', '2025-03-02 08:00:00', 0, NULL),
                                                                                                                                                                          (3, 3, 'studentC', '20250003', 3, 'face_images/face3.jpg', '13800000003', 'studentC@example.com', '2025-03-03 08:00:00', '2025-03-03 08:00:00', 0, NULL),
                                                                                                                                                                          (4, 4, 'studentD', '20250004', 4, 'face_images/face4.jpg', '13800000004', 'studentD@example.com', '2025-03-04 08:00:00', '2025-03-04 08:00:00', 0, NULL),
                                                                                                                                                                          (5, 5, 'studentE', '20250005', 5, 'face_images/face5.jpg', '13800000005', 'studentE@example.com', '2025-03-05 08:00:00', '2025-03-05 08:00:00', 0, NULL),
                                                                                                                                                                          (6, 6, 'studentF', '20250006', 6, 'face_images/face6.jpg', '13800000006', 'studentF@example.com', '2025-03-06 08:00:00', '2025-03-06 08:00:00', 0, NULL),
                                                                                                                                                                          (7, 7, 'studentG', '20250007', 7, 'face_images/face7.jpg', '13800000007', 'studentG@example.com', '2025-03-07 08:00:00', '2025-03-07 08:00:00', 0, NULL),
                                                                                                                                                                          (8, 8, 'studentH', '20250008', 8, 'face_images/face8.jpg', '13800000008', 'studentH@example.com', '2025-03-08 08:00:00', '2025-03-08 08:00:00', 0, NULL),
                                                                                                                                                                          (9, 9, 'studentI', '20250009', 9, 'face_images/face9.jpg', '13800000009', 'studentI@example.com', '2025-03-09 08:00:00', '2025-03-09 08:00:00', 0, NULL),
                                                                                                                                                                          (10, 10, 'studentJ', '20250010', 10, 'face_images/face10.jpg', '13800000010', 'studentJ@example.com', '2025-03-10 08:00:00', '2025-03-10 08:00:00', 0, NULL);

INSERT INTO `system_log` (`id`, `user_id`, `operation`, `operation_time`, `ip_address`, `add_time`, `update_time`, `has_delete`, `delete_time`) VALUES
                                                                                                                                                    (1, 1, '登录系统', '2025-03-01 08:00:00', '192.168.1.1', '2025-03-01 08:00:00', '2025-03-01 08:00:00', 0, NULL),
                                                                                                                                                    (2, 2, '添加student信息', '2025-03-02 08:00:00', '192.168.1.2', '2025-03-02 08:00:00', '2025-03-02 08:00:00', 0, NULL),
                                                                                                                                                    (3, 3, '修改课程信息', '2025-03-03 08:00:00', '192.168.1.3', '2025-03-03 08:00:00', '2025-03-03 08:00:00', 0, NULL),
                                                                                                                                                    (4, 4, '查询考勤记录', '2025-03-04 08:00:00', '192.168.1.4', '2025-03-04 08:00:00', '2025-03-04 08:00:00', 0, NULL),
                                                                                                                                                    (5, 5, '删除通知信息', '2025-03-05 08:00:00', '192.168.1.5', '2025-03-05 08:00:00', '2025-03-05 08:00:00', 0, NULL),
                                                                                                                                                    (6, 6, '登录系统', '2025-03-06 08:00:00', '192.168.1.6', '2025-03-06 08:00:00', '2025-03-06 08:00:00', 0, NULL),
                                                                                                                                                    (7, 7, '添加student信息', '2025-03-07 08:00:00', '192.168.1.7', '2025-03-07 08:00:00', '2025-03-07 08:00:00', 0, NULL),
                                                                                                                                                    (8, 8, '修改课程信息', '2025-03-08 08:00:00', '192.168.1.8', '2025-03-08 08:00:00', '2025-03-08 08:00:00', 0, NULL),
                                                                                                                                                    (9, 9, '查询考勤记录', '2025-03-09 08:00:00', '192.168.1.9', '2025-03-09 08:00:00', '2025-03-09 08:00:00', 0, NULL),
                                                                                                                                                    (10, 10, '删除通知信息', '2025-03-10 08:00:00', '192.168.1.10', '2025-03-10 08:00:00', '2025-03-10 08:00:00', 0, NULL);

INSERT INTO `teacher` (`id`, `user_id`, `name`, `teacher_number`, `phone`, `email`, `add_time`, `update_time`, `has_delete`, `delete_time`) VALUES
                                                                                                                                                (1, 1, 'teacherA', '20250001', '13800000001', 'teacherA@example.com', '2025-03-01 08:00:00', '2025-03-01 08:00:00', 0, NULL),
                                                                                                                                                (2, 2, 'teacherB', '20250002', '13800000002', 'teacherB@example.com', '2025-03-02 08:00:00', '2025-03-02 08:00:00', 0, NULL),
                                                                                                                                                (3, 3, 'teacherC', '20250003', '13800000003', 'teacherC@example.com', '2025-03-03 08:00:00', '2025-03-03 08:00:00', 0, NULL),
                                                                                                                                                (4, 4, 'teacherD', '20250004', '13800000004', 'teacherD@example.com', '2025-03-04 08:00:00', '2025-03-04 08:00:00', 0, NULL),
                                                                                                                                                (5, 5, 'teacherE', '20250005', '13800000005', 'teacherE@example.com', '2025-03-05 08:00:00', '2025-03-05 08:00:00', 0, NULL),
                                                                                                                                                (6, 6, 'teacherF', '20250006', '13800000006', 'teacherF@example.com', '2025-03-06 08:00:00', '2025-03-06 08:00:00', 0, NULL),
                                                                                                                                                (7, 7, 'teacherG', '20250007', '13800000007', 'teacherG@example.com', '2025-03-07 08:00:00', '2025-03-07 08:00:00', 0, NULL),
                                                                                                                                                (8, 8, 'teacherH', '20250008', '13800000008', 'teacherH@example.com', '2025-03-08 08:00:00', '2025-03-08 08:00:00', 0, NULL),
                                                                                                                                                (9, 9, 'teacherI', '20250009', '13800000009', 'teacherI@example.com', '2025-03-09 08:00:00', '2025-03-09 08:00:00', 0, NULL),
                                                                                                                                                (10, 10, 'teacherJ', '20250010', '13800000010', 'teacherJ@example.com', '2025-03-10 08:00:00', '2025-03-10 08:00:00', 0, NULL);

INSERT INTO `user` (`id`, `account`, `password`, `role`, `add_time`, `update_time`, `has_delete`, `delete_time`, `last_login_time`, `last_login_ip`, `login_count`, `status`) VALUES
                                                                                                                                                                                  (1, 'admin', 'e10adc3949ba59abbe56e057f20f883e', 'admin', '2025-03-01 08:00:00', '2025-03-01 08:00:00', 0, NULL, '2025-03-01 08:00:00', '192.168.1.1', 1, 1),
                                                                                                                                                                                  (2, 'adminB', 'e10adc3949ba59abbe56e057f20f883e', 'admin', '2025-03-02 08:00:00', '2025-03-02 08:00:00', 0, NULL, '2025-03-02 08:00:00', '192.168.1.2', 1, 1),
                                                                                                                                                                                  (3, 'teacher', 'e10adc3949ba59abbe56e057f20f883e', 'teacher', '2025-03-03 08:00:00', '2025-03-03 08:00:00', 0, NULL, '2025-03-03 08:00:00', '192.168.1.3', 1, 1),
                                                                                                                                                                                  (4, 'teacherB', 'e10adc3949ba59abbe56e057f20f883e', 'teacher', '2025-03-04 08:00:00', '2025-03-04 08:00:00', 0, NULL, '2025-03-04 08:00:00', '192.168.1.4', 1, 1),
                                                                                                                                                                                  (5, 'student', 'e10adc3949ba59abbe56e057f20f883e', 'student', '2025-03-05 08:00:00', '2025-03-05 08:00:00', 0, NULL, '2025-03-05 08:00:00', '192.168.1.5', 1, 1),
                                                                                                                                                                                  (6, 'studentB', 'e10adc3949ba59abbe56e057f20f883e', 'student', '2025-03-06 08:00:00', '2025-03-06 08:00:00', 0, NULL, '2025-03-06 08:00:00', '192.168.1.6', 1, 1),
                                                                                                                                                                                  (7, 'adminC', 'e10adc3949ba59abbe56e057f20f883e', 'admin', '2025-03-07 08:00:00', '2025-03-07 08:00:00', 0, NULL, '2025-03-07 08:00:00', '192.168.1.7', 1, 1),
                                                                                                                                                                                  (8, 'adminD', 'e10adc3949ba59abbe56e057f20f883e', 'admin', '2025-03-08 08:00:00', '2025-03-08 08:00:00', 0, NULL, '2025-03-08 08:00:00', '192.168.1.8', 1, 1),
                                                                                                                                                                                  (9, 'teacherC', 'e10adc3949ba59abbe56e057f20f883e', 'teacher', '2025-03-09 08:00:00', '2025-03-09 08:00:00', 0, NULL, '2025-03-09 08:00:00', '192.168.1.9', 1, 1),
                                                                                                                                                                                  (10, 'teacherD', 'e10adc3949ba59abbe56e057f20f883e', 'teacher', '2025-03-10 08:00:00', '2025-03-10 08:00:00', 0, NULL, '2025-03-10 08:00:00', '192.168.1.10', 1, 1);